Paper Id,Publishability,Recommended Conference,Rationale
P001,1,KDD,"This paper is a strong fit for KDD due to its focus on novel data mining and machine learning techniques applied to a timely problem.  The methodology leverages DBSCAN, a core clustering algorithm frequently explored within KDD, to address the challenging task of 3D drone position estimation using multi-sensor LiDAR data.  The novelty lies in the fusion of Livox Avia and LiDAR 360 data, enhancing accuracy and robustness beyond single-sensor approaches. This directly addresses the conference's interest in developing efficient and scalable algorithms for complex data analysis.  The relevance is clear:  real-time drone tracking is crucial for numerous applications, and the presented CL-Det method offers a practical solution with potential for significant impact on fields like security and autonomous systems.  The results, while needing improvement, demonstrate the feasibility and potential of the proposed approach, sparking further research within the KDD community.
"
P002,0,N/A,N/A
P003,0,N/A,N/A
P004,1,NeurIPS,"This paper is a strong fit for NeurIPS due to its novel methodology, significant contributions, and high relevance to the conference's focus on machine learning theory and applications.  The introduction of Training-Free Graph Neural Networks (TFGNNs), leveraging the innovative ""Labels as Features"" (LaF) approach, presents a unique contribution to the field.  The rigorous theoretical analysis, including proofs demonstrating LaF's enhancement of GNN expressive power and TFGNN's approximation of label propagation, aligns perfectly with NeurIPS' emphasis on theoretical underpinnings.  The empirical evaluation showcasing TFGNN's superior performance in both training-free and optionally trained scenarios further strengthens its suitability.  The paper's potential impact lies in addressing the computational limitations of GNNs, offering a faster, potentially more resource-efficient alternative,  particularly relevant to the NeurIPS audience interested in scalable and efficient machine learning solutions for graph-structured data.
"
P005,1,KDD,"This paper is a strong fit for KDD due to its innovative methodology in addressing a significant data mining challenge: clothing image co-parsing.  The two-stage data-driven approach, combining image co-segmentation with a multi-image graphical model for co-labeling, leverages graph-based methods and machine learning techniques central to KDD's focus on data analysis and knowledge discovery.  The novelty lies in its handling of a large number of clothing categories and the incorporation of contextual information for improved accuracy.  This addresses a key problem in e-commerce and computer vision, directly relevant to KDD's audience interested in large-scale data analysis and pattern recognition.  The superior performance compared to state-of-the-art methods, demonstrated on a new high-resolution dataset, signifies the paper's potential impact on advancing research in image analysis and related applications within the data mining community.
"
P006,0,N/A,N/A
P007,1,EMNLP,"This paper is a strong fit for EMNLP due to its novel methodology and significant contributions to discourse parsing.  The research presents the first end-to-end joint syntacto-discourse parser, overcoming limitations of previous pipelined approaches that relied on pre-segmented data and external syntactic parsers.  Its innovative span-based architecture, utilizing bi-directional LSTMs and a newly created syntacto-discourse treebank (PTB-RST), represents a significant methodological advancement.  The paper's focus on improving discourse parsing directly aligns with EMNLP's core themes in natural language understanding.  The state-of-the-art results and the release of the PTB-RST treebank promise substantial impact, fostering future research and improving applications like summarization and question answering.  The concise presentation of results and clear explanation of the method makes it highly accessible to the EMNLP audience.
"
P008,1,EMNLP,"This paper is a strong fit for EMNLP due to its focus on improving the reasoning capabilities of large language models (LLMs), a core theme of the conference.  The methodology, combining theoretical analysis with empirical experiments on MLPs, aligns perfectly with EMNLP's emphasis on rigorous evaluation and innovative approaches in NLP. The paper's novelty lies in its systematic investigation of Chain-of-Thought (CoT) prompting's impact on sample complexity, approximation power, and generalization, particularly within the context of compositional functions – an under-explored area.  This work is highly relevant to the EMNLP audience,  addressing crucial challenges in efficient LLM training and deployment.  The findings have significant impact, offering valuable insights into CoT's mechanisms and paving the way for more effective LLM training methodologies, potentially influencing future research on prompting techniques and efficient few-shot learning within the broader NLP community.
"
P009,1,TMLR,"This paper is a strong fit for TMLR due to its focus on novel methodological advancements in online Bayesian learning.  The development of Online Ensembles of Basis Expansions (OEBEs), a generalization of existing incremental ensemble methods, directly addresses the conference's interest in efficient and scalable machine learning algorithms.  The innovative combination of diverse basis functions and the introduction of E-DOEBE to prevent model collapse represent significant methodological contributions.  The paper's empirical evaluation on diverse datasets demonstrates the practical relevance and improved performance of OEBEs, impacting researchers and practitioners working with online prediction tasks.  The clear presentation of the methodology, along with publicly available code, further enhances its value to the TMLR community.  The discussion of future research directions, such as adapting kernels online, aligns with the conference's focus on pushing the boundaries of machine learning.
"
P010,1,KDD,"This paper is a strong fit for KDD due to its novel methodology, significant contributions to reinforcement learning (RL) for recommender systems, and high relevance to the conference's audience.  The research introduces MBCAL, a model-based counterfactual advantage learning approach that directly addresses the challenges of low sample efficiency and high variance in RL-based recommender systems – key limitations hindering real-world deployment.  MBCAL's innovative use of counterfactual comparisons, leveraging a masked environment model, significantly improves both sample efficiency and performance, exceeding existing supervised and RL methods.  This aligns perfectly with KDD's focus on data mining, knowledge discovery, and large-scale data analysis, particularly within the increasingly important domain of personalized recommendation. The paper's rigorous experimental evaluation and potential to improve real-world recommender systems make it highly impactful for the KDD community.
"
P011,1,KDD,"This paper is a strong fit for KDD due to its methodological rigor, novel contributions, and significant relevance to the conference's audience.  The research directly addresses a crucial challenge in online A/B testing:  detecting heterogeneous treatment effects (HTE) at scale while controlling the false discovery rate (FDR).  The proposed HTE-BH and HTE-Knockoff methods offer innovative solutions to this problem, moving beyond naive approaches prone to false positives.  The application to real-world data from Snap, a major technology company, demonstrates practical relevance and impact. The focus on FDR control aligns perfectly with KDD's emphasis on data mining and knowledge discovery, addressing a critical issue in large-scale data analysis. The paper's findings and the developed toolkit have the potential to significantly improve the efficiency and accuracy of A/B testing in industry, thus impacting the field substantially.
"
P012,1,TMLR,"This paper is a strong fit for TMLR due to its rigorous methodology in analyzing scaling laws for large language models (LLMs).  The analytical approach, combining empirical data from Kaplan et al. (2020) and Hoffmann et al. (2022) with novel mathematical modeling, directly addresses a critical discrepancy in existing LLM scaling research.  The paper's novelty lies in its identification of the key methodological differences—parameter counting and scale—leading to the conflicting results, offering a clear reconciliation.  This directly impacts the LLM research community by providing a refined understanding of optimal resource allocation, minimizing computational waste and promoting more efficient model training. The findings are highly relevant to TMLR's audience, focusing on practical improvements in training methodologies and resource optimization within the machine learning community, advancing the field by establishing best practices for future scaling studies.
"
P013,1,EMNLP,"This paper is a strong fit for EMNLP due to its focus on explainable AI in natural language processing (NLP).  The methodology adapts a novel vision-based explanation method, PatternAttribution, to the NLP domain, aligning with EMNLP's interest in methodological advancements.  The paper's novelty lies in this adaptation and the proposed improvement to the original PatternAttribution framework through a refined quality criterion for signal estimators, addressing limitations of existing approaches.  The relevance is high as explainability is a crucial area in NLP, and the paper directly addresses the challenge of interpreting deep learning model decisions in sentiment analysis.  The impact is significant; the successful transfer of PatternAttribution and the improved criterion contribute to the field by providing a more robust and meaningful explanation method for NLP models, thereby enhancing model understanding and potentially leading to better model design and improved trust in NLP systems.
"
P014,1,CVPR,"This paper is a strong fit for CVPR due to its novel approach to audio-visual active speaker detection.  The methodology leverages a 3D CNN for efficient feature extraction from video, combined with an ensemble of LSTM and temporal convolutional classifiers, addressing the challenge of short speaking segments and imperfect audio-visual synchronization in the AVA-ActiveSpeaker dataset. This innovative combination of architectures demonstrates significant improvement (mAP 0.878 vs. baseline 0.821) representing a novel contribution to the field. The paper's focus on improving  active speaker detection, a key area in computer vision, aligns perfectly with CVPR's emphasis on visual understanding and deep learning.  The results are directly relevant to researchers and practitioners working on video understanding,  human-computer interaction, and multimodal learning.  The improved accuracy has significant implications for applications like video summarization, meeting transcription, and accessibility tools.
"
P015,0,N/A,N/A
P016,0,N/A,N/A
P017,1,CVPR,"This paper is a strong fit for CVPR due to its novel methodology in video highlight detection and summarization using crowdsourced, time-synchronized comments.  The approach cleverly bridges computer vision (analyzing video shots) and natural language processing (interpreting comments), a highly relevant interdisciplinary theme at CVPR.  Its novelty lies in the lag-calibration technique using concept-mapped lexical chains, addressing a crucial real-world challenge in analyzing time-stamped user-generated data.  The unsupervised framework, coupled with the enhanced SumBasic summarization algorithm, provides a significant advancement over existing methods. The paper's relevance to the CVPR audience is clear; its focus on automated video analysis, highlight extraction, and summarization directly addresses key interests within the computer vision community. The potential impact is substantial, offering a practical solution for efficient video understanding and improved video indexing and retrieval systems, greatly benefiting both researchers and industry practitioners.
"
P018,1,NeurIPS,"This paper is a strong fit for NeurIPS due to its novel ""plasticity injection"" framework for addressing plasticity loss in deep reinforcement learning (RL).  The methodology, a three-pronged approach combining diagnosis, targeted mitigation, and adaptive capacity expansion, is innovative and aligns perfectly with NeurIPS's emphasis on theoretical and algorithmic advancements in machine learning.  The unique contribution lies in directly tackling plasticity loss without relying on computationally expensive architectural changes or hyperparameter tuning, a significant improvement over existing methods. The topic resonates deeply with the NeurIPS audience, given the widespread interest in robust and adaptable RL agents.  The potential impact is substantial;  by enhancing the long-term performance and stability of RL agents, this work significantly advances the field, enabling more reliable deployment in complex real-world applications.  The reported empirical results demonstrating improved performance across diverse benchmarks further strengthen its suitability for NeurIPS.
"
P019,1,KDD,"This paper is a strong fit for KDD due to its innovative methodology in addressing a crucial real-world problem.  The research leverages large-scale, real-world data from a TB treatment program, tackling the challenge of unobserved interventions—a significant hurdle in many healthcare applications.  The proposed solution, combining domain expertise with deep learning and decision-focused learning, offers a novel approach to data analysis and model interpretability, directly addressing a critical need in data-driven healthcare.  The results demonstrate significant improvements in intervention targeting and outcome prediction, impacting resource allocation and patient care. The work's relevance to KDD's audience lies in its focus on data mining, machine learning, and large-scale data analysis techniques to solve a complex problem with significant societal impact.  Its potential to improve healthcare decision-making makes it highly impactful for the KDD community.
"
P020,0,N/A,N/A
P021,1,KDD,"This paper is a strong fit for KDD due to its focus on a challenging data mining problem within the context of autonomous driving.  The methodology employs a novel architecture combining NFNet, self-attention, and a customized loss function to address the critical issue of domain adaptation in vehicle motion prediction. This innovative approach, achieving 3rd place in the Shifts Challenge, directly addresses KDD's interest in robust and efficient machine learning algorithms. The paper's novelty lies in its architectural design specifically tailored for handling distributional shifts, a common challenge in real-world data.  The results are highly relevant to KDD's audience, encompassing researchers and practitioners in data mining, machine learning, and related fields.  The paper's impact stems from its contribution to improved robustness and reliability in autonomous driving systems, a field with increasing reliance on data-driven solutions.  Its detailed ablation study and comprehensive evaluation further enhance its value to the KDD community.
"
P022,0,N/A,N/A
P023,1,CVPR,"This paper is a strong fit for CVPR due to its novel methodology in visual attention modeling, directly addressing a core conference theme.  The proposed Reverse Hierarchy Model (RHM) for predicting eye fixations is innovative, employing image super-resolution and a reverse propagation model inspired by the Reverse Hierarchy Theory (RHT), a departure from traditional bottom-up approaches.  This contrasts with existing methods which often rely on linear combinations of feature maps. The RHM's use of compressive sensing for saliency detection adds further novelty.  The paper's relevance to CVPR is clear; predicting eye fixations is a crucial problem in computer vision with applications in human-computer interaction and saliency detection.  The superior performance demonstrated on benchmark datasets, exceeding state-of-the-art models, indicates significant impact, potentially inspiring new research directions in biologically-plausible visual attention models and boosting the accuracy of saliency prediction in practical applications.
"
P024,1,NeurIPS,"This paper is a strong fit for NeurIPS due to its methodological rigor, novelty, and significant relevance to the conference's core themes.  The research employs a systematic experimental design, varying key parameters across multiple datasets and model architectures, aligning perfectly with NeurIPS's emphasis on empirical evaluation in machine learning.  The introduction of FLIP, a novel label-only backdoor attack, represents a significant contribution, expanding the understanding of adversarial attacks beyond traditional input-based methods.  The topic resonates deeply with the NeurIPS community's interest in the security and robustness of machine learning systems, addressing a crucial vulnerability in the training pipeline.  The paper's findings – demonstrating the effectiveness and efficiency of FLIP, even against common defenses – have the potential to significantly influence future research on adversarial robustness and inspire the development of novel defense mechanisms, advancing both theoretical understanding and practical applications in the field.
"
P025,1,CVPR,"This paper is a strong fit for CVPR due to its novel approach to scene parsing, a core theme of the conference.  The methodology combines multiple probabilistic classifiers for enhanced superpixel labeling accuracy, addressing the common challenge of imbalanced class representation in scene understanding.  Its innovative contribution lies in integrating semantic context through global label costs, bypassing the limitations of image retrieval-based methods prevalent in nonparametric scene parsing. This significantly improves the identification of foreground objects, often overlooked in existing techniques. The extensive evaluation on SIFTflow and LMSun datasets, showcasing state-of-the-art or near state-of-the-art performance, highlights the practical relevance and impact of this work for the CVPR audience.  The proposed method’s scalability and real-time context integration advance the field of scene understanding, promising significant influence on future research in image parsing and semantic segmentation.
"
P026,0,N/A,N/A
P027,1,EMNLP,"This paper is a strong fit for EMNLP due to its novel approach to emoji representation learning and its significant implications for social NLP.  The methodology, employing a simple yet effective model trained on Unicode emoji descriptions, contrasts with existing skip-gram methods reliant on massive datasets. This innovation addresses a crucial gap in pre-trained word embeddings, offering readily usable emoji2vec embeddings compatible with existing word2vec implementations.  The paper's relevance is high, directly addressing the conference's focus on natural language processing, particularly within the context of social media analysis.  The successful application to sentiment analysis demonstrates the practical impact, improving accuracy with significantly less data than competing methods.  The open-source release of the embeddings further enhances the paper's contribution, promoting wider adoption and future research in emoji-related NLP tasks.
"
P028,1,EMNLP,"This paper is a strong fit for EMNLP due to its novel contribution to multimodal language understanding and its methodological rigor.  The research introduces a new task—visually grounded disambiguation of structurally ambiguous sentences—directly addressing a core EMNLP theme: bridging the gap between linguistic analysis and real-world context. The creation of the LAVA corpus, a unique dataset encompassing diverse ambiguity types, is a significant contribution, providing a valuable resource for the community.  The proposed methodology, extending existing sentence tracking models to handle multiple interpretations through a compositional approach using HMMs, showcases innovative application of existing techniques to a challenging problem. The paper's findings, demonstrating successful disambiguation across various ambiguity types, have the potential to significantly influence future work on grounded language understanding, visual question answering, and multimodal dialogue systems, aligning perfectly with EMNLP’s focus on advancing natural language processing research.
"
P029,1,KDD,"This paper is a strong fit for KDD due to its focus on developing and benchmarking a novel open-source multimodal conversational AI system, OpenOmni.  The methodology employs a rigorous, end-to-end pipeline approach, aligning with KDD's emphasis on data mining, knowledge discovery, and practical applications of AI.  OpenOmni's unique contribution lies in its open-source nature and comprehensive benchmarking capabilities, addressing the lack of collaborative development tools in this rapidly growing field.  The paper's relevance to the KDD audience is high, as researchers and practitioners are keenly interested in efficient multimodal AI, data privacy, and robust evaluation methodologies.  The impact is significant; OpenOmni provides a valuable platform for accelerating research in multimodal conversational AI and fosters collaborative advancement by providing a standardized benchmark for comparing different approaches, ultimately leading to more efficient and ethical systems.
"
P030,1,CVPR,"This paper, while focused on deep learning compilation rather than direct computer vision, is a strong fit for CVPR due to its significant impact on large-scale vision models.  The methodology of symbolic shape analysis for memory optimization in dynamic shape compilers is highly relevant to the efficient training of increasingly complex vision models.  Its novelty lies in addressing the largely unexplored area of memory optimization for dynamic shape graphs, a crucial limitation in training large vision transformers and other architectures common in CVPR.  The relevance to the CVPR audience stems from the direct applicability of BladeDISC++ to improve training efficiency and scalability for large vision models, enabling researchers to train bigger and more complex models.  The impact could be substantial, facilitating advancements in high-resolution image processing, video understanding, and other computationally intensive vision tasks by removing the memory bottleneck.  The demonstrated improvement over existing dynamic and static shape training methods strongly suggests a valuable contribution to the CVPR community.
"
P031,1,EMNLP,"This paper is a strong fit for EMNLP due to its novel methodology, significant relevance, and potential impact on the field.  The research leverages Graph Neural Networks (GNNs), a cutting-edge technique in NLP, to address the critical problem of hate speech detection, specifically targeting Islamophobic content. This aligns perfectly with EMNLP's focus on advancements in natural language processing and its applications to societal challenges.  The innovative use of GNNs for explainable hate speech detection, coupled with the utilization of pre-trained NLP models and a robust evaluation against established baselines, represents a unique contribution.  The paper's focus on a significant societal issue—online hate speech—directly addresses the interests of the EMNLP community, which prioritizes the development of NLP technologies for real-world impact.  The superior performance achieved and the provided explainability contribute substantially to advancing research and practice in hate speech detection and mitigation, making it a highly suitable contribution to EMNLP.
"
P032,0,N/A,N/A
P033,1,EMNLP,"This paper is a strong fit for EMNLP due to its novel approach to AMR parsing using Stack-LSTMs and a greedy decoder, aligning perfectly with the conference's focus on empirical methods in natural language processing.  The methodology's innovative aspect lies in directly generating AMR parses from plain text, unlike prior work heavily reliant on pipelines and pre-calculated features. This direct approach, coupled with the use of Stack-LSTMs for state representation, offers a unique contribution to the field.  The paper's relevance is undeniable, given EMNLP's broad audience interested in semantic parsing and efficient parsing techniques.  The competitive results achieved, even surpassing some pipeline systems, demonstrate the potential impact of this work in advancing AMR parsing research, suggesting a more efficient and potentially more robust method for future systems. The ablation study further strengthens the contribution by highlighting the impact of different components on the model's performance.
"
P034,1,NeurIPS,"This paper is a strong fit for NeurIPS due to its rigorous methodology, novel contribution, and high relevance to the conference's focus on machine learning and deep learning.  The research employs a systematic evaluation of LayerNorm placement in Vision Transformers, a core architecture in computer vision, aligning with NeurIPS's emphasis on theoretical and empirical advancements in deep learning.  The proposed Dual PatchNorm, a simple yet effective modification, exhibits consistent performance improvements across diverse tasks (image classification, contrastive learning, semantic segmentation), demonstrating novelty and broad applicability.  The thorough ablation studies and insightful analysis of learned parameters further strengthen the paper's contribution. This work's potential impact is significant, offering a readily-implementable technique to enhance ViT performance, benefiting the wider deep learning community and potentially influencing future architectural designs.  The results' clarity and the detailed experimental setup make it ideal for the discerning NeurIPS audience.
"
P035,0,N/A,N/A
P036,0,N/A,N/A
P037,1,EMNLP,"This paper is a strong fit for EMNLP due to its focus on a novel, publicly available Chinese span-extraction dataset for machine reading comprehension (MRC).  The methodology, involving expert annotation and a challenging subset requiring multi-sentence inference, directly addresses EMNLP's interest in advancing NLP techniques and resources.  The dataset's novelty lies in its scale, human-centric annotation process, and the explicit inclusion of a challenge set designed to expose limitations in current MRC models. This contribution is highly relevant to the EMNLP audience, who actively research MRC and multilingual NLP.  The paper's impact is significant; providing this resource will accelerate progress in Chinese MRC, fostering further research on complex reasoning and cross-lingual transfer learning, key themes within the EMNLP community.  The inclusion of baseline models and community results further strengthens its contribution.
"
P038,0,N/A,N/A
P039,0,N/A,N/A
P040,1,CVPR,"This paper is a strong fit for CVPR due to its novel application of 3D convolutional neural networks (CNNs) to a challenging computer vision problem:  real-time architectural design optimization using CFD simulation.  The methodology directly aligns with CVPR's focus on computer vision and deep learning, leveraging a U-net architecture with residual blocks for efficient and accurate wind flow prediction.  The innovative ""reverse design"" workflow, predicting building volumes from desired wind patterns, represents a significant contribution, surpassing traditional CFD's limitations in iterative design.  This work is highly relevant to CVPR's audience interested in applying deep learning to real-world problems, particularly those involving 3D data processing and analysis.  Its potential impact lies in accelerating sustainable architectural design, offering a powerful tool for creating energy-efficient buildings and urban environments, a field ripe for technological advancement.  The paper's strong empirical results further solidify its suitability for CVPR.
"
P041,0,N/A,N/A
P042,1,CVPR,"This paper is a strong fit for CVPR due to its novel methodology in image registration evaluation.  The proposed DeepSim metric leverages a learned, dataset-specific semantic similarity approach, departing from traditional pixel-based metrics (MSE, NCC). This innovative approach directly addresses limitations of existing methods in handling low-contrast and noisy images, a crucial challenge in computer vision.  The demonstrably superior accuracy and faster convergence across diverse biomedical datasets highlight its significant practical impact.  The paper's relevance to CVPR is undeniable, appealing to researchers focusing on deep learning, medical image analysis, and image registration.  DeepSim's potential to improve registration accuracy in various modalities (MRI, microscopy) and its efficiency in reducing computational burden, make it a high-impact contribution to the field, warranting presentation at CVPR.  The broader impact section further strengthens its case by addressing the sustainability aspects of deep learning model training.
"
P043,0,N/A,N/A
P044,1,CVPR,"This paper is a strong fit for CVPR due to its innovative methodology and significant impact on computer vision for agricultural applications.  The research leverages satellite imagery (Sentinel-2) – a core area of CVPR interest – combined with meteorological data, creating a novel terabyte-scale multimodal dataset, CropNet.  This addresses a crucial gap in publicly available datasets for climate-aware crop yield prediction, a topic of increasing relevance to both computer vision and agricultural sustainability.  The use of deep learning models (ConvLSTM, CNN-RNN, GNN-RNN, MMST-ViT) and self-supervised learning techniques to analyze this dataset directly aligns with CVPR's focus on advanced techniques in image processing, time-series analysis, and deep learning. The comprehensive evaluation and publicly available dataset (Hugging Face, PyPI) will significantly impact the field, enabling future research and improved agricultural practices.  The paper's contribution of both a novel dataset and compelling experimental results makes it highly suitable for CVPR.
"
P045,1,CVPR,"This paper is a strong fit for CVPR due to its novel methodology in visual foundation model (VFM) aggregation and its significant contributions to efficient computer vision.  The AM-RADIO framework, employing multi-teacher distillation to merge diverse VFMs, directly addresses CVPR's focus on advancing deep learning techniques for visual tasks.  The development of E-RADIO, a novel 6x faster architecture exceeding teacher model performance, offers significant practical impact.  The paper's comprehensive benchmarking across diverse downstream tasks (ImageNet classification, semantic segmentation, object detection, and LLaVA integration) demonstrates its broad relevance to the CVPR audience. Its innovative approach to knowledge distillation, addressing heterogeneous model architectures and resolutions, presents a significant advance in the field, potentially influencing future research on efficient and powerful VFMs.
"
P046,1,NeurIPS,"This paper is a strong fit for NeurIPS due to its novel methodology and significant contributions to the field of adversarial robustness in Graph Neural Networks (GNNs).  The research introduces the ""symbiotic attack,"" a novel threat model combining poisoning and evasion attacks, significantly advancing the understanding of GNN vulnerabilities.  The proposed memory-efficient, adaptive attack algorithm, extending PR-BCD, addresses a key scalability challenge in attacking large graphs, a highly relevant topic for NeurIPS's audience. The empirical results demonstrate the superior effectiveness of symbiotic attacks over traditional approaches, highlighting their potential impact on various GNN applications.  The paper's focus on large-scale attacks and its rigorous evaluation across multiple datasets and GNN architectures aligns perfectly with NeurIPS's emphasis on both theoretical and practical advancements in deep learning.  This work will likely stimulate further research into robust GNN training and defense mechanisms, significantly impacting the field.
"
P047,0,N/A,N/A
P048,0,N/A,N/A
P049,1,NeurIPS,"This paper is a strong fit for NeurIPS due to its novel methodology addressing a critical challenge in deep learning: model generalization.  The self-adaptive inference approach, updating model parameters based on a *single* test sample using a consistency-based regularization and dynamically blended batch normalization, is highly innovative. This contrasts with existing domain adaptation techniques requiring substantial unlabeled target data.  The research directly tackles the limitations of Empirical Risk Minimization (ERM) in out-of-distribution scenarios, a central theme in NeurIPS.  The rigorous evaluation across diverse datasets and architectures, coupled with the significant accuracy improvements (up to 35% IoU), demonstrates strong practical relevance and potential impact on the field.  The findings offer a novel post-hoc technique applicable to existing models, broadening the scope of its influence beyond solely newly trained networks.  This work's focus on improving generalization in semantic segmentation, a complex task, aligns perfectly with NeurIPS's focus on theoretical and practical advancements in machine learning.
"
P050,1,EMNLP,"This paper is a strong fit for EMNLP due to its focus on interpretability in deep learning models for natural language inference (NLI), a core area of the conference.  The methodology, employing saliency analysis of attention and LSTM gating mechanisms, is novel in its application to intermediate layers of complex NLI models, going beyond simple attention visualization. This offers unique insights into model decision-making, a critical contribution to the field. The relevance to EMNLP is high, as understanding and improving the explainability of deep NLP models is a major research goal. The paper's findings, demonstrating the effectiveness of the proposed interpretability methods on a state-of-the-art NLI model, have significant impact, potentially guiding the design and development of more robust and transparent NLP systems.  The extension to other NLP tasks is also suggested, further broadening its potential influence.
"
P051,1,EMNLP,"This paper is a strong fit for EMNLP due to its novel methodology in real-time unsupervised domain adaptation for Part-of-Speech (POS) tagging.  The focus on incremental learning, updating word embeddings online as new data streams in, directly addresses a crucial challenge in real-world NLP applications where batch processing is infeasible.  This contrasts with existing unsupervised DA work predominantly relying on batch learning.  The innovative approach of adapting lexical embeddings in real-time without halting the system represents a significant contribution to the field, potentially impacting the efficiency and robustness of deployed NLP systems.  The results demonstrating comparable performance to batch methods are compelling and highly relevant to EMNLP's audience, which includes researchers actively working on improving the efficiency and adaptability of NLP models.  The paper's potential impact lies in its practical applicability and the advancement of online learning techniques within the domain adaptation context.
"
P052,0,N/A,N/A
P053,0,N/A,N/A
P054,1,CVPR,"This paper is a strong fit for CVPR due to its focus on novel methodologies in 3D computer vision applied to a challenging real-world problem: food modeling from images.  The research directly addresses CVPR's core themes of 3D reconstruction, multi-view geometry, and deep learning, employing techniques like Structure from Motion, neural surface reconstruction, and  perceptual hashing for keyframe selection. The workshop challenge format itself introduces a novel contribution – a benchmark dataset and evaluation pipeline specifically designed for the intricacies of 3D food modeling, addressing the existing lack of high-quality data in this domain.  The results, showcasing multiple high-performing approaches, are highly relevant to CVPR's audience of computer vision researchers and practitioners.  The paper's impact lies in its potential to significantly advance research in  image-based dietary assessment, a field with significant implications for public health and nutritional science, thus aligning perfectly with the conference's goal of pushing the boundaries of computer vision.
"
P055,1,EMNLP,"This paper is a strong fit for EMNLP due to its methodological rigor, novelty, and high relevance to the conference's focus on natural language processing and its societal impact.  The mixed-methods survey approach, analyzing both quantitative and qualitative data on researcher experiences with broader impact statements, aligns perfectly with EMNLP's emphasis on empirical research.  The paper's novelty lies in its unique investigation of researcher responses to a mandated broader impact requirement, a relatively unexplored area within the NLP community.  This directly addresses EMNLP's growing concern with the ethical implications of AI and NLP technologies, making the findings highly relevant to its audience of researchers, practitioners, and students.  The paper's impact potential is significant; its recommendations for improving broader impact statement requirements can directly influence future conferences and promote more ethical and responsible AI research practices within the NLP field.
"
P056,0,N/A,N/A
P057,1,CVPR,"This paper is a strong fit for CVPR due to its novel methodology in human-computer interaction within the realm of artistic creation.  The core approach leverages computer vision (camera input, robust lighting handling) and a recurrent neural network (""neural sketcher"") for real-time image processing and generation of artistic strokes, aligning directly with CVPR's focus on computer vision and its applications.  The innovative aspect lies in integrating this AI system into a collaborative painting process, providing a unique contribution to the field of human-computer interaction and creative AI.  The paper's relevance stems from its demonstration of AI's potential in augmenting human creativity, a topic of increasing interest within the computer vision community.  Finally, the work's potential impact lies in inspiring future research on AI-assisted art creation and the development of more intuitive and collaborative human-computer interfaces for creative tasks, impacting both artistic practice and the broader field of human-computer interaction.
"
P058,1,EMNLP,"This paper is a strong fit for EMNLP due to its novel contribution to understanding and improving Recurrent Neural Networks (RNNs) in natural language processing.  The methodology, employing carefully designed synthetic benchmarks and gradient analysis, aligns perfectly with EMNLP's emphasis on empirical studies and theoretical underpinnings of NLP models.  The discovery that positional encoding, typically associated with Transformers, significantly enhances RNN performance with large vocabularies is highly novel and addresses a previously under-explored challenge.  This directly addresses the interests of the EMNLP audience, focusing on improving the efficiency and robustness of core NLP architectures.  The findings have significant impact, offering a practical technique for handling large vocabularies in RNN-based NLP systems and opening new avenues for research into the interplay between positional information and sequential modeling.  The extensive experimentation and detailed analysis further solidify its suitability for EMNLP.
"
P059,1,EMNLP,"This paper is a strong fit for EMNLP due to its novel methodology and significant contributions to recurrent neural network (RNN) research.  The rigorous empirical investigation using synthetic benchmarks, coupled with gradient analysis, aligns perfectly with EMNLP's focus on empirical methods in natural language processing. The discovery that positional encoding improves RNN performance, particularly with large vocabularies, is a unique contribution challenging established assumptions about RNNs' inherent temporal understanding. This finding is highly relevant to EMNLP's audience, addressing a practical challenge in handling large vocabularies, a common issue in NLP tasks.  The paper's impact extends to both theoretical understanding of RNN limitations and potential practical improvements in NLP model training, making it a valuable addition to the conference. The detailed analysis of gradient stability provides insights into the reasons behind improved performance, enhancing its contribution to the field.
"
P060,0,N/A,N/A
P061,1,CVPR,"This paper is a strong fit for CVPR due to its significant contributions to contrastive self-supervised learning (SSL), a highly relevant topic within computer vision.  The methodology introduces LeOCLR, a novel framework enhancing visual representation learning by leveraging original images alongside augmented views, directly addressing the limitations of existing methods that struggle with semantically inconsistent data augmentations. This innovative approach offers a unique contribution to the field, improving representation quality and downstream task performance.  The paper's relevance to the CVPR audience is undeniable, given the widespread interest in SSL and its applications in image classification, object detection, and transfer learning.  The reported significant improvements over state-of-the-art methods (e.g., 5.1% on ImageNet-1K linear evaluation) demonstrate the potential impact of LeOCLR in advancing practical applications and driving future research in self-supervised representation learning for computer vision.
"
P062,1,NeurIPS,"This paper is a strong fit for NeurIPS due to its novel methodology for adapting large pretrained models while preserving equivariance.  The research directly addresses a critical challenge in deep learning: maintaining crucial inductive biases during transfer learning.  The proposed regularization technique, derived from the theoretical properties of equivariant functions, offers a unique contribution, going beyond existing methods that often neglect or inadequately handle equivariance.  The comprehensive experiments across diverse datasets and tasks demonstrate the approach's effectiveness and broad applicability, resonating strongly with NeurIPS' focus on both theoretical advancements and practical applications.  The potential impact is significant, as preserving equivariance enhances model robustness and generalization, particularly beneficial in areas like computer vision and physics modeling—key interests of the NeurIPS community. The results and analysis offer valuable insights into efficient equivariant adaptation, furthering the field of equivariant neural networks and impacting the broader machine learning landscape.
"
P063,0,N/A,N/A
P064,1,EMNLP,"This paper is a strong fit for EMNLP due to its focus on improving large language model (LLM) capabilities through a novel self-instruction framework for multi-modal tool use.  The methodology, combining prompt engineering and reinforcement learning, directly addresses key EMNLP themes in natural language processing and multi-modal learning.  The novelty lies in its application to open-source LLMs, enabling them to handle seen and unseen tools in zero-shot and fine-tuning settings – a significant advancement over existing methods that rely on extensive fine-tuning.  The paper's relevance to EMNLP is undeniable, as it tackles a core challenge in LLM development: bridging the gap between open-source and proprietary models while enhancing their real-world applicability. The potential impact is substantial; the framework's accessibility and adaptability could democratize access to advanced AI capabilities and stimulate further research on self-supervised learning and multi-modal interaction within the LLM community.
"
P065,1,CVPR,"This paper is a strong fit for CVPR due to its methodological rigor, novel contribution, and high relevance to the computer vision community.  The research employs a robust empirical approach, evaluating recursive inpainting—a novel application of generative models—using established metrics like LPIPS and a large-scale dataset of diverse images. This quantitative analysis directly addresses a crucial challenge in generative AI: model stability during iterative inference.  The findings demonstrate a degradation phenomenon analogous to ""model collapse"" during training, opening new research avenues in understanding and mitigating this issue.  The results are highly relevant to CVPR's focus on image processing, generation, and the evaluation of image-based AI models.  The paper's impact lies in its potential to influence future research on generative model stability and improve the robustness of inpainting and image generation techniques, contributing significantly to the advancement of the field.
"
P066,1,EMNLP,"This paper is a strong fit for EMNLP due to its focus on a novel methodology for language model compression, a highly relevant topic within the NLP community.  The proposed ""Fast Vocabulary Transfer"" (FVT) technique offers a unique contribution by leveraging domain-specific tokenizers to reduce model size and inference time, complementing existing methods like knowledge distillation.  The empirical evaluation across diverse downstream tasks (ADE, LEDGAR, CoNLL03) demonstrates the practical impact of FVT, showing significant compression gains with minimal performance degradation.  This work directly addresses the conference's interest in efficient and effective NLP models, appealing to researchers and practitioners focused on model optimization and deployment. The results, particularly the combined impact of FVT and knowledge distillation, offer valuable insights for advancing research in model compression and domain adaptation within the field of natural language processing.
"
P067,1,EMNLP,"This paper is a strong fit for EMNLP due to its focus on developing a novel and readily accessible Python API for the FrameNet lexical resource.  The methodology leverages existing NLP tools (NLTK) to enhance access to a crucial linguistic resource, aligning directly with EMNLP's emphasis on practical applications and resource development in NLP.  The API's innovative contribution lies in its user-friendly design and efficient data handling, overcoming previous limitations of accessing FrameNet's complex data structure.  This is highly relevant to EMNLP's audience, which includes researchers and practitioners working with semantic resources and linguistic annotation. The improved accessibility of FrameNet data, facilitated by this API, will significantly impact semantic role labeling, frame semantic analysis, and other NLP tasks, promoting further research and development in the field.
"
P068,1,CVPR,"This paper is a strong fit for CVPR due to its novel methodology, significant contributions to 3D object detection, and high relevance to the conference's audience.  The research introduces Feature Flow Net (FFNet), a unique approach addressing the critical challenges of bandwidth limitations and temporal asynchrony in Vehicle-Infrastructure Cooperative 3D (VIC3D) object detection.  FFNet's innovative use of compressed feature flow, rather than raw data or full feature maps, directly tackles a core problem in computer vision, aligning perfectly with CVPR's focus on efficient and robust visual perception systems.  The paper's strong empirical results demonstrating improved accuracy and bandwidth reduction constitute a significant contribution to the field.  Its impact lies in enabling more efficient and reliable VIC3D systems, crucial for advancing autonomous driving and smart infrastructure.  The focus on deep learning-based feature extraction, optical flow estimation, and learned compression is directly relevant to CVPR’s emphasis on cutting-edge techniques in computer vision.  The detailed experiments and comprehensive analysis further strengthen the paper's suitability for the conference.
"
P069,0,N/A,N/A
P070,0,N/A,N/A
P071,1,EMNLP,"This paper is a strong fit for EMNLP due to its methodological rigor, novel contributions, and high relevance to the conference's focus on empirical methods in natural language processing.  The research employs deep contextualized embeddings (BERT), a prominent technique within the EMNLP community, to investigate the often-overlooked role of fillers in spoken language understanding.  The novelty lies in leveraging BERT's contextual understanding to automatically represent fillers, avoiding the limitations of handcrafted features.  This approach leads to demonstrable improvements in downstream tasks (stance and confidence prediction), a topic of significant interest to EMNLP attendees. The findings challenge common preprocessing practices and offer valuable insights into building more robust spoken language models, potentially impacting the field by encouraging more nuanced handling of disfluencies in speech processing.  The paper's empirical evaluation, using a relevant dataset and clear metrics, aligns perfectly with EMNLP's emphasis on data-driven analysis.
"
P072,0,N/A,N/A
P073,0,N/A,N/A
P074,1,CVPR,"This paper is a strong fit for CVPR due to its focus on a novel application of transformer-based models (SegFormer) for agricultural pattern recognition, a timely and relevant topic within computer vision.  The methodology directly addresses challenges in semantic segmentation using high-resolution aerial imagery, a core theme of CVPR.  The achievement of 2nd place in the Agriculture-Vision Challenge demonstrates the approach's effectiveness and novelty, particularly the use of data augmentation and model ensemble techniques to overcome class imbalance and improve mIoU.  The paper's relevance to the CVPR audience is high, given the increasing interest in applying deep learning to real-world problems, especially within remote sensing and agriculture.  The potential impact lies in advancing agricultural applications of computer vision, impacting precision agriculture, resource management, and the broader ESG domain, furthering the field's practical applications.
"
P075,1,CVPR,"This paper is a strong fit for CVPR due to its novel approach to video understanding and multi-step reasoning within the context of instructional videos.  The methodology leverages cutting-edge techniques like VideoCLIP for cross-modal alignment,  integrating computer vision (video processing and feature extraction using S3D and VideoCLIP’s visual transformer) with natural language processing (script encoding and question understanding).  The novelty lies in the combined hard and soft grounding for question-aware feature extraction,  the additive attention for multimodal context reweighting, and the linearly decaying teacher forcing strategy for improved multi-step inference using GRUs.  This directly addresses the conference's interest in advancing computer vision techniques for complex video analysis and understanding. The paper's impact is significant as it proposes a robust solution to the challenging problem of assisting users with device operation via instructional videos, potentially impacting fields like human-computer interaction and assistive technologies.  The results demonstrate superior performance compared to baselines, further solidifying its suitability for CVPR.
"
P076,0,N/A,N/A
P077,0,N/A,N/A
P078,0,N/A,N/A
P079,1,CVPR,"This paper is a strong fit for CVPR due to its focus on synthetic data generation for printed character recognition, a core area within computer vision.  The methodology leverages innovative techniques, including pre-rasterization transformations using FreeType and post-rasterization distortions, resulting in a highly configurable and realistic synthetic dataset (OmniPrint).  This addresses the critical need for large, diverse datasets in deep learning, a significant theme at CVPR.  OmniPrint's novelty lies in its comprehensive support for multiple scripts, fonts, styles, and customizable distortions, surpassing existing datasets like MNIST and Omniglot in scope and control.  The paper's relevance to the CVPR audience is clear, given the widespread interest in benchmark datasets and synthetic data generation for advancing object recognition and classification.  Finally, OmniPrint’s public availability ensures high impact, potentially accelerating research progress in character recognition and related areas within computer vision, aligning perfectly with CVPR's goal of disseminating impactful research.
"
P080,1,EMNLP,"This paper is a strong fit for EMNLP due to its methodological rigor and significant contributions to the intersection of NLP and scientific publishing.  The core methodology employs LLMs for a novel application: assisting authors in completing submission checklists for scientific papers. This aligns directly with EMNLP's focus on natural language processing techniques and their practical applications.  The study's innovative aspect lies in its live deployment and evaluation of an LLM-powered tool within a real-world conference setting, providing valuable empirical data on LLM efficacy and limitations.  The findings, including both positive user perception and identified challenges (inaccuracy, adversarial manipulation), are highly relevant to the EMNLP community's interest in responsible and effective LLM development and deployment.  The paper's impact extends to improving scientific workflow efficiency and enhancing research quality, a concern directly relevant to the broader goals of fostering communication and best practices in the NLP field.
"
P081,0,N/A,N/A
P082,1,CVPR,"This paper is a strong fit for CVPR due to its focus on a novel PyTorch-based library for disentanglement learning, a highly relevant topic in computer vision.  The methodology leverages deep learning architectures and variational autoencoders (VAEs), core techniques within CVPR's scope.  The library's novelty lies in its modular design, supporting various VAE variants and disentanglement metrics, enabling comparative analysis and facilitating research on new algorithms.  This is highly relevant to the CVPR audience, interested in advancing representation learning for visual data.  The library's success in a Disentanglement Challenge underscores its practical impact.  By offering a standardized and easily accessible tool, the paper significantly contributes to the field, fostering reproducible research and accelerating progress in disentanglement for applications like image generation and understanding. The provided results and visualizations directly support the claims of the library's effectiveness.
"
P083,1,EMNLP,"This paper is a strong fit for EMNLP due to its focus on analyzing citation patterns within a specific research community – a topic highly relevant to the conference's interest in natural language processing and its applications. The methodology, employing network analysis of a large citation graph constructed from NeurIPS data, is rigorous and aligns with EMNLP's emphasis on empirical studies.  The novelty lies in quantifying the significant disparity in citation practices between Chinese and American researchers within a unified venue, revealing a previously undocumented separation despite apparent collaborative opportunities.  This research directly impacts the understanding of knowledge diffusion and collaboration in the global NLP community, a critical concern for EMNLP's audience of researchers and practitioners. The findings highlight potential biases and barriers to knowledge sharing, encouraging future work toward a more inclusive and interconnected field.  The potential impact is significant for fostering more equitable collaboration and promoting a richer, more diverse landscape of NLP research.
"
P084,1,KDD,"This paper is a strong fit for KDD due to its methodological rigor and significant contributions to the field of knowledge discovery and data mining.  The research employs a novel approach, leveraging LLMs for large-scale analysis of computer vision literature, aligning perfectly with KDD's focus on innovative data analysis techniques. The study's unique contribution lies in quantifying the adoption of Sutton's ""hard-won lesson"" principles within a specific research domain, revealing previously unseen trends in the evolution of AI.  This analysis is highly relevant to KDD's audience, which includes researchers interested in AI, machine learning, and data mining methodologies.  The paper's findings, demonstrating the increasing emphasis on generalizable algorithms and computational scaling, have the potential to significantly influence future research directions within AI and beyond, driving impactful advancements in the field.  The quantitative analysis presented directly addresses KDD's interest in the empirical study of data-driven trends and their impact.
"
P085,1,EMNLP,"This paper is a strong fit for EMNLP due to its methodological rigor and significant contributions to the burgeoning field of privacy-preserving AI.  The research employs a multifaceted approach, combining theoretical analyses of differential privacy and k-anonymity with empirical evaluations using computer-scientific attacks. This interdisciplinary methodology aligns perfectly with EMNLP's focus on bridging theoretical advancements with practical applications.  The paper's novelty lies in its comprehensive survey and critical analysis of existing privacy assessment frameworks for synthetic data, identifying significant gaps and suggesting future research directions.  Its relevance to the EMNLP audience is undeniable, given the increasing importance of privacy in natural language processing and the growing use of synthetic data for training language models. The paper's potential impact is substantial, offering valuable guidance for researchers seeking to develop and evaluate privacy-preserving techniques for text and tabular data, ultimately promoting responsible AI development.
"
P086,0,N/A,N/A
P087,1,CVPR,"This paper is a strong fit for CVPR due to its novel methodology in feature tracking, addressing a critical challenge in computer vision.  The proposed subspace constraint method offers a significant advancement over traditional single-feature trackers by jointly tracking features, enabling information sharing and improved robustness in challenging conditions (low light, noise, occlusions). This innovative approach, leveraging low-rank regularization within a sliding window framework, directly addresses the conference's focus on algorithmic advancements and real-time performance.  The real-time capability on a single CPU core is particularly relevant.  The paper's relevance to CVPR's audience is high, as it tackles a fundamental problem in video analysis with broad applications in structure from motion and SLAM.  The potential impact lies in its ability to significantly enhance the accuracy and reliability of feature tracking in various applications, leading to improved performance in downstream computer vision tasks.  The quantitative and qualitative results further strengthen its suitability for CVPR.
"
P088,1,NeurIPS,"This paper is a strong fit for NeurIPS due to its methodological rigor, novel findings, and high relevance to the conference's core themes.  The research employs a sophisticated approach combining network science tools with a novel framework for analyzing functional modules in neural networks, evaluating both upstream (input-driven) and downstream (output-driven) perspectives on unit similarity.  The unexpected discovery that dropout significantly increases modularity, contradicting existing intuitions, constitutes a substantial novel contribution.  This challenges prevailing assumptions about regularization techniques and their impact on network representations. The findings are highly relevant to the NeurIPS audience, addressing crucial questions in representation learning and the search for modularity in deep learning architectures.  The paper's impact lies in its potential to reshape our understanding of how to interpret neural representations and design more efficient and interpretable models, significantly advancing research in deep learning theory and practice.
"
P089,1,TMLR,"This paper is a strong fit for TMLR due to its rigorous theoretical analysis of Neural Tangent Kernel (NTK) approximation, a central theme in the conference.  The methodology employs a novel refinement of the lazy training framework, sharpening existing bounds on the NTK approximation's validity for square loss functions.  This represents a significant novelty, improving the understanding of the approximation's applicability for longer training times (O(α) vs. O(√α)). The improved bound, proven tight up to a constant, directly addresses a key challenge in understanding deep learning dynamics, a topic of high relevance to the TMLR community. The results have substantial impact, potentially informing the design of more efficient training algorithms and offering a more precise theoretical foundation for analyzing neural network behavior, thus advancing the field of theoretical machine learning.  The paper's focus on precise conditions and limitations of NTK approximation makes it highly suitable for a theoretically focused conference like TMLR.
"
P090,1,NeurIPS,"This paper is a strong fit for NeurIPS due to its novel methodology in marrying equivariant neural networks with large pretrained model adaptation.  The approach directly addresses a critical limitation of standard fine-tuning: the disruption of crucial equivariance properties.  Its innovative contribution lies in the integration of a group-theoretic regularization scheme into the fine-tuning process, ensuring the adapted model retains its predictable transformation behavior. This directly aligns with NeurIPS's focus on theoretical advancements and practical applications in deep learning, particularly concerning model efficiency and generalization.  The paper's relevance is high, given the increasing interest in equivariant models and efficient adaptation techniques within the machine learning community.  The demonstrated improvements across diverse benchmark tasks – image classification, object detection, and physics simulations – highlight the potential impact in advancing research on robust and generalizable model adaptation, particularly within domains characterized by structured data.
"
P091,1,EMNLP,"This paper is a strong fit for EMNLP due to its novel application of Named Entity Recognition (NER) to the challenging domain of call center transcripts.  The methodology, employing a BiLSTM-CRF model with custom contextual string embeddings trained on a proprietary corpus, directly addresses a significant NLP problem: handling noisy, spontaneous speech data for privacy compliance.  The innovative aspect lies in adapting state-of-the-art NER techniques to this unique data type, characterized by ASR errors and unconventional formatting.  The relevance to EMNLP's audience is clear, as the paper contributes to advancements in low-resource NER and handling real-world noisy text.  Its impact stems from providing a practical solution for ensuring privacy in call center data while preserving valuable information for quality assurance, a significant contribution to both research and industry practice within NLP.
"
P092,1,NeurIPS,"This paper is a strong fit for NeurIPS due to its innovative application of deep learning to a challenging problem: image compression.  The methodology, combining advanced residual networks and sub-pixel convolution, directly addresses core NeurIPS themes in deep learning architectures and optimization.  The novelty lies in the systematic exploration of kernel sizes and the effective utilization of residual connections to improve both efficiency and performance, surpassing existing methods as evidenced by the high MS-SSIM achieved.  The relevance is clear;  NeurIPS attendees are deeply interested in advancements in deep learning for computer vision tasks, and this work offers a significant contribution to the field of image compression, a vital area in numerous applications. The potential impact is considerable: the proposed techniques could lead to more efficient image storage and transmission, particularly relevant in the age of ever-increasing image data.  The detailed analysis of model complexity further strengthens the paper's contribution to the NeurIPS community.
"
P093,1,TMLR,"This paper is a strong fit for TMLR due to its focus on developing a novel early stopping (ES) strategy for Deep Image Prior (DIP), a method aligning perfectly with TMLR's emphasis on machine learning for solving inverse problems in imaging.  The proposed ES-WMV method offers significant novelty by providing a computationally efficient and broadly applicable solution to the pervasive overfitting problem in DIP, surpassing existing ES techniques limited to specific noise types or DIP variants.  The extensive experimental evaluation across diverse imaging tasks (denoising, super-resolution, MRI reconstruction, blind deblurring) demonstrates the method's practical relevance to the TMLR audience of researchers and practitioners working on computational imaging.  The paper's impact lies in its potential to significantly improve the efficiency and robustness of DIP for a wide range of applications, thus advancing the state-of-the-art in practical inverse problem solving within computational imaging.  The concise and clear presentation of results,  including detailed comparisons with existing methods, further enhances its suitability for TMLR.
"
P094,0,N/A,N/A
P095,1,NeurIPS,"This paper is a strong fit for NeurIPS due to its methodological innovation and significant impact on sample-efficient reinforcement learning (RL).  The hierarchical RL approach, JueWu-MC, directly addresses the challenges of applying RL to complex, open-world environments like Minecraft—a problem highly relevant to NeurIPS's focus on AI algorithms.  The novelty lies in the integrated techniques: action-aware representation learning, discriminator-based self-imitation learning, and ensemble behavior cloning with consistency filtering, all working synergistically to enhance sample efficiency and robustness.  The paper's success in the MineRL 2021 competition underscores its practical relevance and impact.  The detailed ablation study further strengthens the claims of each component's contribution.  Its focus on tackling high-dimensional perception, partial observability, and sparse rewards aligns perfectly with NeurIPS's interest in pushing the boundaries of AI capabilities in challenging real-world scenarios.  The results significantly advance the state-of-the-art in sample-efficient hierarchical RL, a topic of high interest to the NeurIPS community.
"
P096,0,N/A,N/A
P097,0,N/A,N/A
P098,0,N/A,N/A
P099,1,CVPR,"This paper is a strong fit for CVPR due to its innovative methodology in bridging computer vision and natural language processing.  The research directly addresses a core CVPR theme: video understanding.  Its novel contribution lies in enhancing LSTM-based video captioning by integrating linguistic insights from large text corpora through early, late, and deep fusion techniques, along with distributional word representations. This approach tackles the limited availability of high-quality video-caption pairs, a common challenge in the field.  The paper's relevance to the CVPR audience is high, as it presents a significant improvement in video description quality, focusing on both grammatical correctness and descriptive richness, aspects crucial for effective video analysis.  The demonstrated improvements in grammaticality, validated by human evaluation,  have a significant impact, potentially advancing research in video captioning and enabling more accurate and natural video descriptions for various applications, thus aligning with CVPR's goal of promoting cutting-edge research.
"
P100,0,N/A,N/A
P101,1,CVPR,"This paper is a strong fit for CVPR due to its novel methodology and significant impact on medical image analysis.  The research introduces a Conv-LSTM architecture to address the challenge of limited annotations in 3D medical imaging, a crucial issue in computer vision.  The approach of processing volumetric data as 2D image sequences is innovative, overcoming limitations of traditional MIL methods by explicitly capturing inter-slice relationships. This novelty is highly relevant to CVPR's focus on advanced deep learning techniques for visual data analysis. The superior performance (AUC 0.83) compared to 2D CNNs with MIL and 3D CNNs demonstrates the practical impact, enabling efficient disease detection from readily available, weakly annotated data.  The application to emphysema detection in lung CT scans directly addresses a significant clinical need, making this research highly impactful within the CVPR community focused on computer-aided diagnosis.
"
P102,1,CVPR,"This paper is a strong fit for CVPR due to its focus on a novel, large-scale dataset (""CompCars"") for fine-grained car categorization and verification – a significantly under-explored area within computer vision.  The methodology leverages deep convolutional neural networks (CNNs), a core technique in CVPR, applying them to challenging tasks like cross-modality analysis (web vs. surveillance data) and attribute prediction.  The paper's novelty lies in the CompCars dataset itself, offering a substantial increase in scale and diversity compared to existing resources, including detailed annotations of viewpoints, parts, and attributes. This directly addresses a critical need in the community, boosting the relevance for researchers focused on fine-grained recognition and object understanding.  The presented baselines and identified challenges will significantly impact future research in car-related computer vision, opening avenues for advancements in intelligent transportation systems and mobile applications.
"
P103,0,N/A,N/A
P104,1,EMNLP,"This paper is a strong fit for EMNLP due to its novel methodology for enhancing pre-trained language models.  ConCoRD's approach, using a pre-trained NLI model for consistency correction without fine-tuning, directly addresses a critical challenge in NLP: improving the logical coherence of large language models' outputs. This innovative method, combining factor graphs and MaxSAT solvers, offers a unique contribution within the broader context of improving model reliability and trustworthiness.  The paper's focus on enhancing QA and VQA systems, alongside its exploration of test-time model editing, aligns perfectly with EMNLP's interest in advancing both theoretical and practical aspects of NLP.  The results, demonstrating significant accuracy and consistency improvements across diverse tasks, highlight the potential impact of ConCoRD in fostering more robust and reliable NLP systems, a key goal of the EMNLP community.
"
P105,0,N/A,N/A
P106,0,N/A,N/A
P107,0,N/A,N/A
P108,1,EMNLP,"This paper is a strong fit for EMNLP due to its innovative methodology in applying phonological typology to improve speech technology for low-resource languages.  The research leverages typological databases to develop novel methods for evaluating cross-linguistic consistency of phonological features and for inducing phoneme inventories, directly addressing crucial challenges in multilingual NLP.  The proposed framework's reliance on machine learning for cross-lingual phoneme prediction and its integration of phonological knowledge into phoneme induction represent a unique contribution to the field.  The paper's relevance to EMNLP is high, given the conference's focus on empirical methods in NLP, particularly those addressing resource scarcity and cross-lingual understanding.  Its potential impact lies in advancing the development of robust and inclusive speech technologies, benefiting a broader range of languages and communities, significantly impacting the field of low-resource speech processing.
"
P109,1,EMNLP,"This paper is a strong fit for EMNLP due to its focus on novel multimodal deep learning techniques for hate speech detection in memes – a timely and relevant topic within the NLP community.  The methodology leverages and extends existing Transformer models (VL-BERT, UNITER, LXMERT), aligning perfectly with EMNLP's emphasis on deep learning advancements in NLP.  The key novelty lies in the bidirectional cross-attention mechanism and the successful application of deep ensembles to significantly improve hate speech identification accuracy, surpassing existing benchmarks. This work directly addresses the conference's interest in advancing NLP for real-world societal challenges.  The achieved 5th place ranking out of 3100 participants highlights the impact and significance of the proposed approach, offering valuable insights for future research in multimodal sentiment analysis and hate speech mitigation.  The detailed analysis of model performance and pre-training dataset influence contributes to the advancement of  visual-linguistic understanding.
"
P110,1,EMNLP,"This paper is a strong fit for EMNLP due to its focus on practical advancements in dialogue systems.  The methodology employs a user-centered design approach, evaluating LIDA's usability and efficiency through a controlled experiment, aligning with EMNLP's emphasis on empirical research.  LIDA's novelty lies in its comprehensive approach to the dialogue annotation pipeline, integrating recommender systems and inter-annotator disagreement resolution, a significant contribution lacking in existing tools.  The relevance is clear; EMNLP's audience actively researches dialogue systems and requires efficient annotation tools for high-quality datasets.  The paper's impact is substantial; LIDA, being open-source, will directly benefit the community by accelerating dialogue dataset creation and improving annotation quality, thus fostering advancements in dialogue system research and development.  The evaluation provides strong evidence supporting LIDA's effectiveness and usability.
"
P111,1,NeurIPS,"This paper is a strong fit for NeurIPS due to its novel methodology combining Bayesian Optimization (BO) with Bayesian Neural Networks (BNNs) for scientific applications.  The research directly addresses scalability challenges in BO, a core theme within the machine learning community, by leveraging BNNs' ability to handle high-dimensional, structured data (images, molecules) far exceeding Gaussian Processes' capabilities.  The incorporation of auxiliary information and inductive biases through convolutional and graph neural networks represents a significant methodological advancement.  The application to real-world physics and chemistry problems, showcasing superior performance compared to existing methods, demonstrates both novelty and relevance to the NeurIPS audience interested in practical applications of advanced machine learning techniques.  The findings have the potential to significantly impact scientific discovery by enabling efficient optimization in complex domains where traditional methods fall short, ultimately accelerating research across multiple fields.
"
P112,1,EMNLP,"This paper is a strong fit for EMNLP due to its innovative application of graph neural networks (GNNs) and contrastive learning to genomic sequence representation, a problem analogous to natural language processing tasks. The methodology leverages GNNs, a prominent theme in EMNLP, adapting them to heterogeneous graphs representing genomic data—a novel approach combining contextual and structural information.  The self-supervised learning strategy, using contrastive loss to learn k-mer embeddings, contributes a unique solution for generating robust genomic representations. The superior performance on edit distance approximation and closest string retrieval tasks, demonstrated over established methods like Word2Vec and Node2Vec, highlights the relevance to NLP researchers interested in sequence modeling and representation learning.  The work's impact lies in offering a more accurate and efficient method for analyzing genomic data, potentially advancing research in bioinformatics and impacting downstream applications like disease prediction and drug discovery, all relevant to the broader EMNLP community's interest in impactful applications of NLP techniques.
"
P113,1,NeurIPS,"This paper is a strong fit for NeurIPS due to its novel methodology combining graph neural networks (GNNs) with model-based reinforcement learning (MBRL) for multi-agent system (MAS) control.  The approach addresses the sample inefficiency inherent in model-free RL methods by leveraging a GNN to predict future states, a significant contribution in the context of complex MAS interactions.  The application to both billiard avoidance and autonomous driving scenarios demonstrates the generalizability and relevance to real-world problems, aligning perfectly with NeurIPS's focus on artificial intelligence and machine learning advancements. The use of CEM-optimized MPC further enhances the novelty and practical impact.  The results showcasing improved performance over random baselines and comparable results to ground truth highlight the potential of this method to significantly advance research in sample-efficient RL for complex MAS, attracting considerable interest from the NeurIPS audience.
"
P114,1,EMNLP,"This paper is a strong fit for EMNLP due to its novel methodology in merging embodied conversational AI with generative art.  The research leverages advancements in natural language processing (NLP) – specifically, empathetic dialogue management within the M-Path agent and sentiment analysis for personality assessment – to inform a creative process. This innovative approach directly addresses EMNLP's focus on human-computer interaction and NLP applications beyond traditional text-based tasks.  The system's unique contribution lies in its ability to personalize artistic styles based on real-time conversational inferences, demonstrating a significant advancement in computational creativity. The paper's relevance to the EMNLP audience is high, as researchers and practitioners in NLP are actively exploring the intersection of AI and human expression.  Finally, its potential impact is substantial; it opens new avenues for exploring AI-driven creative tools informed by nuanced human-computer interaction, advancing both NLP and AI art.
"
P115,1,EMNLP,"This paper is a strong fit for EMNLP due to its focus on instruction tuning within the burgeoning field of large multimodal models (LMMs).  The methodology aligns perfectly with EMNLP's emphasis on natural language processing (NLP) advancements, particularly in the context of model training and instruction-following.  The paper's novelty lies in its practical demonstration of creating a basic multimodal model similar to GPT-4 using open-source resources, offering a valuable contribution to the community's understanding of LMM development.  Its relevance is undeniable, as LMMs represent a key area of current research within NLP, directly addressing the interests of EMNLP's audience. The comprehensive review of emerging trends and open-source projects, along with the proposed future directions, further enhances its impact by guiding future research and promoting collaborative development within the LMM space.  The paper's practical approach and timely analysis of open-source initiatives make it an ideal contribution to the EMNLP conference.
"
P116,1,KDD,"This paper is a strong fit for KDD due to its novel methodological contribution, significant practical relevance, and potential high impact within the data mining community.  The research introduces Top-k, a novel generalization of decision trees directly addressing the limitations of greedy feature selection in high-dimensional datasets – a core concern in KDD. The Top-k algorithm's systematic exploration of top k features, controlled by a tunable parameter, offers a unique approach to balancing accuracy and computational cost, aligning perfectly with KDD's focus on efficient and effective data analysis techniques.  The empirical evaluation on diverse benchmark datasets, coupled with theoretical analysis providing a tighter generalization error bound, demonstrates the algorithm's superiority and its potential impact on various data mining applications.  The paper's clear presentation of methodology and results, along with discussion of future work exploring adaptive k selection, makes it a valuable contribution to the KDD community's ongoing efforts in advancing data mining algorithms and improving their scalability and accuracy for high-dimensional data.
"
P117,1,KDD,"This paper is a strong fit for KDD due to its novel methodology combining word embeddings with deep learning for rapid zero-shot image tagging.  The innovative approach leverages the linear rankability of word vectors to identify a ""principal direction"" for tag assignment, bypassing the computational limitations of traditional nearest-neighbor methods.  This significantly improves efficiency, achieving constant processing time regardless of training set size, a key consideration for large-scale data analysis, a core theme of KDD. The paper's focus on zero-shot learning and handling open vocabularies directly addresses challenges in data mining and knowledge discovery.  The demonstrated superior performance on benchmark datasets (NUS-WIDE, IAPRTC-12) and the potential for application in various image-related domains makes this a high-impact contribution with significant relevance to the KDD community.
"
P118,1,EMNLP,"This paper is a strong fit for EMNLP due to its innovative methodology and significant impact on low-resource part-of-speech tagging.  The research leverages a novel combination of disparate distant supervision sources – annotation projection, instance selection, and lexical resources – within a neural network framework, aligning perfectly with EMNLP's focus on empirical methods in natural language processing.  The unique contribution lies in the effective integration of these heterogeneous signals, achieving state-of-the-art results without gold-standard data, a significant advancement for low-resource languages.  The paper's relevance is high, addressing a crucial challenge in NLP and impacting researchers working on cross-lingual learning and resource-scarce language technologies. The findings on data selection, embedding initialization, and lexicon integration provide valuable insights for future research, promising to improve the effectiveness of low-resource NLP models.
"
P119,0,N/A,N/A
P120,1,EMNLP,"This paper is a strong fit for EMNLP due to its focus on enhancing the interpretability of deep neural networks, a crucial area within NLP.  The methodology, employing targeted syntactic evaluations, diagnostic classifiers, and feature attribution techniques, aligns perfectly with EMNLP's emphasis on rigorous empirical analysis and model understanding.  The creation of diagNNose, an open-source toolkit consolidating these methods, represents a significant novelty, providing a valuable resource for the community.  The case study on subject-verb agreement directly addresses a core linguistic challenge, making it highly relevant to EMNLP's audience.  Finally, diagNNose's impact is substantial; by improving access to interpretability tools, the paper fosters deeper understanding of NLP models, leading to more robust and reliable systems and ultimately advancing the field.
"
P121,1,NeurIPS,"This paper is a strong fit for NeurIPS due to its novel contribution to deep reinforcement learning (RL), a core area of the conference.  The proposed ""plasticity injection"" method directly addresses the critical problem of plasticity loss, a significant hurdle in RL's scalability and robustness.  Its methodology, combining a diagnostic framework with targeted mitigation and dynamic capacity allocation, is innovative and methodologically rigorous, employing statistical analysis and ablation studies to validate its effectiveness across diverse benchmark environments.  The paper's relevance is high, as plasticity loss impacts the long-term performance and generalizability of RL agents – a central concern for the NeurIPS community. The potential impact is significant:  plasticity injection offers a computationally efficient solution, potentially revolutionizing how we train and deploy robust RL agents in complex, dynamic settings, thus advancing both theoretical understanding and practical applications of RL.
"
P122,1,CVPR,"This paper is a strong fit for CVPR due to its novel application of computer vision techniques to a real-world problem with significant impact.  The methodology centers on a modified U-Net architecture for precipitation detection from geostationary satellite imagery, a task aligning directly with CVPR's focus on image understanding and semantic segmentation. The novelty lies in the integration of diverse data sources (satellite imagery, NWP models, radar) and the successful deployment of this system within a widely used weather service, expanding nowcasting capabilities beyond radar limitations.  This is highly relevant to the CVPR audience interested in applying deep learning to large-scale, impactful applications. The paper's impact is substantial, demonstrating a scalable solution for global precipitation nowcasting, benefiting millions of users and advancing the intersection of CV and meteorological forecasting.  The detailed evaluation using both quantitative metrics and real-world user engagement data further strengthens its suitability for CVPR.
"
P123,1,EMNLP,"This paper is a strong fit for EMNLP due to its innovative methodology, significant novelty, and high relevance to the conference's core themes.  The research leverages a massive emoji dataset for distant supervision, a novel approach to pre-training models for sentiment, emotion, and sarcasm detection, addressing the common challenge of limited annotated data in NLP. The ""chain-thaw"" transfer learning technique is a unique contribution, improving upon existing methods.  The paper's focus on cross-domain generalization using a single pre-trained model directly addresses a key interest of the EMNLP audience, impacting both research (by proposing a new pre-training strategy and transfer learning method) and practice (through the release of the DeepMoji model).  The state-of-the-art results across multiple benchmark datasets further solidify its suitability for EMNLP, showcasing the practical impact of the proposed approach.
"
P124,0,N/A,N/A
P125,1,EMNLP,"This paper is a strong fit for EMNLP due to its focus on advancing natural language understanding through commonsense reasoning.  The methodology, employing Conditional Adversarial Filtering for benchmark creation, is highly relevant to EMNLP's emphasis on NLP techniques and evaluation.  The novel DISCOSENSE benchmark uniquely challenges state-of-the-art language models by incorporating discourse connectives, a crucial aspect of human language comprehension often overlooked in existing benchmarks.  This addresses a critical gap in evaluating true language understanding, aligning perfectly with EMNLP's interest in pushing the boundaries of NLP.  The results demonstrate the limitations of current models, highlighting the impact of this work in directing future research towards more robust commonsense reasoning capabilities within NLP systems.  Publicly releasing the code and data further enhances its value to the EMNLP community.
"
P126,1,KDD,"This paper is a strong fit for KDD due to its novel methodology in causal inference, a highly relevant area within data mining and knowledge discovery.  The innovative algorithm, leveraging deep learning techniques and a single proxy variable to address latent confounders in linear SCMs, directly addresses a significant challenge in accurately estimating causal effects from observational data. This contrasts with existing methods needing multiple proxies or restrictive assumptions, offering enhanced practicality and scalability, particularly valuable for KDD’s focus on large datasets.  The algorithm's rigorous theoretical foundation and superior performance demonstrated via extensive simulations and real-world applications highlight its novelty and potential impact. The results are highly relevant to KDD’s audience of researchers and practitioners seeking robust methods for extracting actionable causal insights from complex datasets across various domains, ultimately advancing the field of data-driven decision-making.
"
P127,0,N/A,N/A
P128,1,EMNLP,"This paper is a strong fit for EMNLP due to its focus on a novel approach to discourse deixis resolution (DDR) in dialogue, a crucial area within natural language understanding.  The methodology employs a sophisticated adaptation of a span-based entity coreference model, incorporating ten task-specific extensions, aligning with EMNLP's emphasis on advanced NLP techniques.  The novelty lies in these extensions, specifically addressing challenges unique to DDR in dialogue, such as the high proportion of pronominal anaphors and the need for robust context modeling.  The paper's relevance is high given EMNLP's broad interest in dialogue systems and anaphora resolution.  Achieving state-of-the-art results on four benchmark datasets demonstrates significant impact, potentially influencing future research in DDR and informing the development of more sophisticated dialogue understanding systems.  The detailed empirical analysis further enhances its value to the EMNLP community.
"
P129,0,N/A,N/A
P130,0,N/A,N/A
P131,1,CVPR,"This paper is a strong fit for CVPR due to its focus on a novel methodology for disentangled representation learning, a core theme in computer vision.  The innovative approach leverages pre-trained ImageNet models, fine-tuning them with auxiliary tasks to enhance the inductive bias for disentanglement. This surpasses previous ad-hoc feature aggregation methods, achieving state-of-the-art results (second place in the 2019 Disentanglement Challenge).  The paper's relevance is clear;  disentanglement is crucial for many CV applications, and the results directly address challenges in unsupervised representation learning. The methodology, involving a learned aggregation module and β-VAE training, offers a significant contribution to the field, potentially inspiring future research on leveraging pre-trained models for disentanglement tasks.  The public availability of code further enhances its impact and reproducibility within the CV community.
"
P132,0,N/A,N/A
P133,1,EMNLP,"This paper is a strong fit for EMNLP due to its novel methodology and significant impact on discontinuous constituent parsing.  The core contribution – reducing discontinuous parsing to sequence labeling via a novel encoding of nearly-ordered permutations – directly addresses a core challenge in NLP, aligning with EMNLP's focus on natural language processing techniques.  The innovative encoding schemes, including absolute, relative position, and Lehmer code variations, offer a unique approach, moving beyond existing limitations of sequence labeling for constituent parsing.  The empirical evaluation on multiple languages and comparison against existing parsers demonstrates the practical relevance and potential impact of this work for the EMNLP audience, which includes researchers focused on parsing, sequence labeling, and free word order languages.  The paper's findings advance both theoretical understanding and practical applications, providing efficient and relatively accurate parsers, thus increasing the accessibility of advanced parsing techniques for a broader NLP community.
"
P134,0,N/A,N/A
P135,1,TMLR,"This paper is a strong fit for TMLR due to its novel methodology and significant impact on decentralized machine learning.  The research directly addresses the conference's focus on theoretical and practical advancements in machine learning, specifically tackling the challenging problem of decentralized stochastic variational inequalities (SVIs) and saddle-point problems (SPPs).  Its innovative decentralized stochastic extragradient approach, incorporating local updates and dynamic network topologies, offers a unique contribution exceeding existing methods.  The rigorous theoretical analysis, providing convergence rates under various monotonicity assumptions and explicitly accounting for data heterogeneity and network properties, is highly relevant to TMLR's audience of researchers interested in theoretical guarantees for distributed algorithms.  The application to decentralized GAN training further showcases the practical impact, potentially influencing future research in distributed optimization and generative models. The paper's comprehensive approach, combining theoretical contributions with empirical validation, makes it an ideal contribution to TMLR.
"
